policy,requests,hits,misses,hit_rate,miss_rate,average_latency_ms,p50_latency_ms,p95_latency_ms,p99_latency_ms,evictions,workload
LRU,10000,1030,8970,10.3,89.7,0.012,0.012,0.0138,0.0239,8870,uniform
LFU,10000,964,9036,9.64,90.36,0.0147,0.015,0.0176,0.0325,8936,uniform
ARC,10000,1030,8970,10.3,89.7,0.0126,0.0131,0.0149,0.0219,8870,uniform
LRU,10000,8178,1822,81.78,18.22,0.0074,0.0061,0.0125,0.0147,1722,hotspot
LFU,10000,8189,1811,81.89,18.11,0.0079,0.0062,0.0157,0.02,1711,hotspot
ARC,10000,8177,1823,81.77,18.23,0.0075,0.0062,0.0136,0.0158,1723,hotspot
LRU,10000,9800,200,98.0,2.0,0.0063,0.006,0.0079,0.0111,100,temporal
LFU,10000,4945,5055,49.45,50.55,0.0111,0.0106,0.0169,0.0224,4955,temporal
ARC,10000,9761,239,97.61,2.39,0.0065,0.0062,0.0075,0.0126,139,temporal
